"","id","uri","nome","siglaPartido","uriPartido","siglaUf","idLegislatura","urlFoto","email","titulo","codTitulo","dataInicio","dataFim"
"1",73552,"https://dadosabertos.camara.leg.br/api/v2/deputados/73552","Michel Temer",NA,NA,NA,51,"https://www.camara.leg.br/internet/deputado/bandep/73552.jpg",NA,"Presidente",1,"1999-02-02","2001-02-14"
"2",97707,"https://dadosabertos.camara.leg.br/api/v2/deputados/97707","Heráclito Fortes",NA,NA,NA,51,"https://www.camara.leg.br/internet/deputado/bandep/97707.jpg",NA,"1º Vice-Presidente",2,"1999-02-02","2001-02-14"
"3",74436,"https://dadosabertos.camara.leg.br/api/v2/deputados/74436","Severino Cavalcanti",NA,NA,NA,51,"https://www.camara.leg.br/internet/deputado/bandep/74436.jpg",NA,"2º Vice-Presidente",3,"1999-02-02","2001-02-14"
"4",74307,"https://dadosabertos.camara.leg.br/api/v2/deputados/74307","Ubiratan Aguiar",NA,NA,NA,51,"https://www.camara.leg.br/internet/deputado/bandep/74307.jpg",NA,"1º Secretário",5,"1999-02-02","2001-02-14"
"5",73761,"https://dadosabertos.camara.leg.br/api/v2/deputados/73761","Nelson Trad",NA,NA,NA,51,"https://www.camara.leg.br/internet/deputado/bandep/73761.jpg",NA,"2º Secretário",6,"1999-02-02","2001-02-14"
"6",74548,"https://dadosabertos.camara.leg.br/api/v2/deputados/74548","Jaques Wagner",NA,NA,NA,51,"https://www.camara.leg.br/internet/deputado/bandep/74548.jpg",NA,"3º Secretário",7,"1999-02-02","2001-02-14"
"7",74407,"https://dadosabertos.camara.leg.br/api/v2/deputados/74407","Efraim Morais",NA,NA,NA,51,"https://www.camara.leg.br/internet/deputado/bandep/74407.jpg",NA,"4º Secretário",8,"1999-02-02","2001-02-14"
"8",74077,"https://dadosabertos.camara.leg.br/api/v2/deputados/74077","Giovanni Queiroz",NA,NA,NA,51,"https://www.camara.leg.br/internet/deputado/bandep/74077.jpg",NA,"1º Suplente de Secretário",9,"1999-02-02","2001-02-14"
"9",73982,"https://dadosabertos.camara.leg.br/api/v2/deputados/73982","Luciano Castro",NA,NA,NA,51,"https://www.camara.leg.br/internet/deputado/bandep/73982.jpg",NA,"2º Suplente de Secretário",10,"1999-02-02","2001-02-14"
"10",73678,"https://dadosabertos.camara.leg.br/api/v2/deputados/73678","Zé Gomes da Rocha",NA,NA,NA,51,"https://www.camara.leg.br/internet/deputado/bandep/73678.jpg",NA,"3º Suplente de Secretário",11,"1999-02-02","2001-02-14"
"11",74419,"https://dadosabertos.camara.leg.br/api/v2/deputados/74419","Gonzaga Patriota","PSB","https://dadosabertos.camara.leg.br/api/v2/partidos/125","PE",51,"https://www.camara.leg.br/internet/deputado/bandep/74419.jpg","dep.gonzagapatriota@camara.leg.br","4º Suplente de Secretário",12,"1999-02-02","2001-02-14"
"12",74646,"https://dadosabertos.camara.leg.br/api/v2/deputados/74646","Aécio Neves","PSDB","https://dadosabertos.camara.leg.br/api/v2/partidos/128","MG",51,"https://www.camara.leg.br/internet/deputado/bandep/74646.jpg","dep.aecioneves@camara.leg.br","Presidente",1,"2001-02-14","2002-12-17"
"13",74082,"https://dadosabertos.camara.leg.br/api/v2/deputados/74082","Paulo Rocha",NA,NA,NA,51,"https://www.camara.leg.br/internet/deputado/bandep/74082.jpg",NA,"3º Secretário",7,"2001-02-14","2003-01-31"
"14",74102,"https://dadosabertos.camara.leg.br/api/v2/deputados/74102","Pedro Valadares",NA,NA,NA,51,"https://www.camara.leg.br/internet/deputado/bandep/74102.jpg",NA,"1º Suplente de Secretário",9,"2001-02-14","2003-01-31"
"15",74434,"https://dadosabertos.camara.leg.br/api/v2/deputados/74434","Salatiel Carvalho",NA,NA,NA,51,"https://www.camara.leg.br/internet/deputado/bandep/74434.jpg",NA,"2º Suplente de Secretário",10,"2001-02-14","2003-01-31"
"16",73893,"https://dadosabertos.camara.leg.br/api/v2/deputados/73893","Enio Bacci",NA,NA,NA,51,"https://www.camara.leg.br/internet/deputado/bandep/73893.jpg",NA,"3º Suplente de Secretário",11,"2001-02-14","2003-01-31"
"17",74801,"https://dadosabertos.camara.leg.br/api/v2/deputados/74801","Wilson Santos",NA,NA,NA,51,"https://www.camara.leg.br/internet/deputado/bandep/74801.jpg",NA,"4º Suplente de Secretário",12,"2001-02-14","2003-01-31"
"18",74407,"https://dadosabertos.camara.leg.br/api/v2/deputados/74407","Efraim Morais",NA,NA,NA,51,"https://www.camara.leg.br/internet/deputado/bandep/74407.jpg",NA,"1º Vice-Presidente",2,"2001-02-15","2002-12-17"
"19",73663,"https://dadosabertos.camara.leg.br/api/v2/deputados/73663","Barbosa Neto",NA,NA,NA,51,"https://www.camara.leg.br/internet/deputado/bandep/73663.jpg",NA,"2º Vice-Presidente",3,"2001-02-15","2003-01-31"
"20",74436,"https://dadosabertos.camara.leg.br/api/v2/deputados/74436","Severino Cavalcanti",NA,NA,NA,51,"https://www.camara.leg.br/internet/deputado/bandep/74436.jpg",NA,"1º Secretário",5,"2001-02-15","2003-01-31"
"21",74359,"https://dadosabertos.camara.leg.br/api/v2/deputados/74359","Nilton Capixaba",NA,NA,NA,51,"https://www.camara.leg.br/internet/deputado/bandep/74359.jpg",NA,"2º Secretário",6,"2001-02-15","2003-01-31"
"22",74313,"https://dadosabertos.camara.leg.br/api/v2/deputados/74313","Ciro Nogueira",NA,NA,NA,51,"https://www.camara.leg.br/internet/deputado/bandep/74313.jpg",NA,"4º Secretário",8,"2001-02-15","2003-01-31"
"23",73534,"https://dadosabertos.camara.leg.br/api/v2/deputados/73534","João Paulo Cunha",NA,NA,NA,52,"https://www.camara.leg.br/internet/deputado/bandep/73534.jpg",NA,"Presidente",1,"2003-02-02","2005-02-14"
"24",74421,"https://dadosabertos.camara.leg.br/api/v2/deputados/74421","Inocêncio Oliveira",NA,NA,NA,52,"https://www.camara.leg.br/internet/deputado/bandep/74421.jpg",NA,"1º Vice-Presidente",2,"2003-02-02","2005-02-14"
"25",74427,"https://dadosabertos.camara.leg.br/api/v2/deputados/74427","Luiz Piauhylino",NA,NA,NA,52,"https://www.camara.leg.br/internet/deputado/bandep/74427.jpg",NA,"2º Vice-Presidente",3,"2003-02-02","2005-02-14"
"26",74544,"https://dadosabertos.camara.leg.br/api/v2/deputados/74544","Geddel Vieira Lima",NA,NA,NA,52,"https://www.camara.leg.br/internet/deputado/bandep/74544.jpg",NA,"1º Secretário",5,"2003-02-02","2005-02-14"
"27",74436,"https://dadosabertos.camara.leg.br/api/v2/deputados/74436","Severino Cavalcanti",NA,NA,NA,52,"https://www.camara.leg.br/internet/deputado/bandep/74436.jpg",NA,"2º Secretário",6,"2003-02-02","2005-02-14"
"28",74359,"https://dadosabertos.camara.leg.br/api/v2/deputados/74359","Nilton Capixaba",NA,NA,NA,52,"https://www.camara.leg.br/internet/deputado/bandep/74359.jpg",NA,"3º Secretário",7,"2003-02-02","2005-02-14"
"29",74313,"https://dadosabertos.camara.leg.br/api/v2/deputados/74313","Ciro Nogueira",NA,NA,NA,52,"https://www.camara.leg.br/internet/deputado/bandep/74313.jpg",NA,"4º Secretário",8,"2003-02-02","2005-02-14"
"30",74419,"https://dadosabertos.camara.leg.br/api/v2/deputados/74419","Gonzaga Patriota","PSB","https://dadosabertos.camara.leg.br/api/v2/partidos/125","PE",52,"https://www.camara.leg.br/internet/deputado/bandep/74419.jpg","dep.gonzagapatriota@camara.leg.br","1º Suplente de Secretário",9,"2003-02-02","2005-02-14"
"31",74801,"https://dadosabertos.camara.leg.br/api/v2/deputados/74801","Wilson Santos",NA,NA,NA,52,"https://www.camara.leg.br/internet/deputado/bandep/74801.jpg",NA,"2º Suplente de Secretário",10,"2003-02-02","2004-12-01"
"32",74097,"https://dadosabertos.camara.leg.br/api/v2/deputados/74097","Confúcio Moura",NA,NA,NA,52,"https://www.camara.leg.br/internet/deputado/bandep/74097.jpg",NA,"3º Suplente de Secretário",11,"2003-02-02","2004-12-31"
"33",74559,"https://dadosabertos.camara.leg.br/api/v2/deputados/74559","João Caldas",NA,NA,NA,52,"https://www.camara.leg.br/internet/deputado/bandep/74559.jpg",NA,"4º Suplente de Secretário",12,"2003-02-02","2005-02-14"
"34",74436,"https://dadosabertos.camara.leg.br/api/v2/deputados/74436","Severino Cavalcanti",NA,NA,NA,52,"https://www.camara.leg.br/internet/deputado/bandep/74436.jpg",NA,"Presidente",1,"2005-02-14","2005-09-21"
"35",74313,"https://dadosabertos.camara.leg.br/api/v2/deputados/74313","Ciro Nogueira",NA,NA,NA,52,"https://www.camara.leg.br/internet/deputado/bandep/74313.jpg",NA,"2º Vice-Presidente",3,"2005-02-14","2007-01-31"
"36",74421,"https://dadosabertos.camara.leg.br/api/v2/deputados/74421","Inocêncio Oliveira",NA,NA,NA,52,"https://www.camara.leg.br/internet/deputado/bandep/74421.jpg",NA,"1º Secretário",5,"2005-02-14","2007-01-31"
"37",74359,"https://dadosabertos.camara.leg.br/api/v2/deputados/74359","Nilton Capixaba",NA,NA,NA,52,"https://www.camara.leg.br/internet/deputado/bandep/74359.jpg",NA,"2º Secretário",6,"2005-02-14","2007-01-31"
"38",73945,"https://dadosabertos.camara.leg.br/api/v2/deputados/73945","Eduardo Gomes",NA,NA,NA,52,"https://www.camara.leg.br/internet/deputado/bandep/73945.jpg",NA,"3º Secretário",7,"2005-02-14","2007-01-31"
"39",74558,"https://dadosabertos.camara.leg.br/api/v2/deputados/74558","Givaldo Carimbão",NA,NA,NA,52,"https://www.camara.leg.br/internet/deputado/bandep/74558.jpg",NA,"1º Suplente de Secretário",9,"2005-02-14","2007-01-31"
"40",74563,"https://dadosabertos.camara.leg.br/api/v2/deputados/74563","Jorge Alberto",NA,NA,NA,52,"https://www.camara.leg.br/internet/deputado/bandep/74563.jpg",NA,"2º Suplente de Secretário",10,"2005-02-14","2007-01-31"
"41",74374,"https://dadosabertos.camara.leg.br/api/v2/deputados/74374","Geraldo Resende",NA,NA,NA,52,"https://www.camara.leg.br/internet/deputado/bandep/74374.jpg",NA,"3º Suplente de Secretário",11,"2005-02-14","2007-01-31"
"42",74158,"https://dadosabertos.camara.leg.br/api/v2/deputados/74158","Mário Heringer","PDT","https://dadosabertos.camara.leg.br/api/v2/partidos/104","MG",52,"https://www.camara.leg.br/internet/deputado/bandep/74158.jpg","dep.marioheringer@camara.leg.br","4º Suplente de Secretário",12,"2005-02-14","2007-01-31"
"43",74520,"https://dadosabertos.camara.leg.br/api/v2/deputados/74520","José Thomaz Nonô",NA,NA,NA,52,"https://www.camara.leg.br/internet/deputado/bandep/74520.jpg",NA,"1º Vice-Presidente",2,"2005-02-16","2007-01-31"
"44",74559,"https://dadosabertos.camara.leg.br/api/v2/deputados/74559","João Caldas",NA,NA,NA,52,"https://www.camara.leg.br/internet/deputado/bandep/74559.jpg",NA,"4º Secretário",8,"2005-02-16","2007-01-31"
"45",73428,"https://dadosabertos.camara.leg.br/api/v2/deputados/73428","Aldo Rebelo",NA,NA,NA,52,"https://www.camara.leg.br/internet/deputado/bandep/73428.jpg",NA,"Presidente",1,"2005-09-28","2007-01-31"
"46",73433,"https://dadosabertos.camara.leg.br/api/v2/deputados/73433","Arlindo Chinaglia","PT","https://dadosabertos.camara.leg.br/api/v2/partidos/134","SP",52,"https://www.camara.leg.br/internet/deputado/bandep/73433.jpg","dep.arlindochinaglia@camara.leg.br","Presidente",1,"2007-01-02","2009-02-02"
"47",74108,"https://dadosabertos.camara.leg.br/api/v2/deputados/74108","Narcio Rodrigues",NA,NA,NA,52,"https://www.camara.leg.br/internet/deputado/bandep/74108.jpg",NA,"1º Vice-Presidente",2,"2007-01-02","2009-02-02"
"48",74421,"https://dadosabertos.camara.leg.br/api/v2/deputados/74421","Inocêncio Oliveira",NA,NA,NA,52,"https://www.camara.leg.br/internet/deputado/bandep/74421.jpg",NA,"2º Vice-Presidente",3,"2007-01-02","2009-02-02"
"49",73463,"https://dadosabertos.camara.leg.br/api/v2/deputados/73463","Osmar Serraglio",NA,NA,NA,52,"https://www.camara.leg.br/internet/deputado/bandep/73463.jpg","dep.osmarserraglio@camara.leg.br","1º Secretário",5,"2007-01-02","2009-02-02"
"50",74313,"https://dadosabertos.camara.leg.br/api/v2/deputados/74313","Ciro Nogueira",NA,NA,NA,52,"https://www.camara.leg.br/internet/deputado/bandep/74313.jpg",NA,"2º Secretário",6,"2007-01-02","2009-02-02"
"51",73456,"https://dadosabertos.camara.leg.br/api/v2/deputados/73456","Waldemir Moka",NA,NA,NA,52,"https://www.camara.leg.br/internet/deputado/bandep/73456.jpg",NA,"3º Secretário",7,"2007-01-02","2009-02-02"
"52",74055,"https://dadosabertos.camara.leg.br/api/v2/deputados/74055","José Carlos Machado",NA,NA,NA,52,"https://www.camara.leg.br/internet/deputado/bandep/74055.jpg",NA,"4º Secretário",8,"2007-01-02","2009-02-02"
"53",74163,"https://dadosabertos.camara.leg.br/api/v2/deputados/74163","Carlos Manato",NA,NA,NA,52,"https://www.camara.leg.br/internet/deputado/bandep/74163.jpg",NA,"1º Suplente de Secretário",9,"2007-01-02","2009-02-02"
"54",74291,"https://dadosabertos.camara.leg.br/api/v2/deputados/74291","Arnon Bezerra",NA,NA,NA,52,"https://www.camara.leg.br/internet/deputado/bandep/74291.jpg",NA,"2º Suplente de Secretário",10,"2007-01-02","2009-02-02"
"55",141374,"https://dadosabertos.camara.leg.br/api/v2/deputados/141374","Alexandre Silveira",NA,NA,NA,52,"https://www.camara.leg.br/internet/deputado/bandep/141374.jpg",NA,"3º Suplente de Secretário",11,"2007-01-02","2009-02-02"
"56",74172,"https://dadosabertos.camara.leg.br/api/v2/deputados/74172","Deley",NA,NA,NA,52,"https://www.camara.leg.br/internet/deputado/bandep/74172.jpg",NA,"4º Suplente de Secretário",12,"2007-01-02","2009-02-02"
"57",73552,"https://dadosabertos.camara.leg.br/api/v2/deputados/73552","Michel Temer",NA,NA,NA,53,"https://www.camara.leg.br/internet/deputado/bandep/73552.jpg",NA,"Presidente",1,"2009-02-02","2010-12-16"
"58",133373,"https://dadosabertos.camara.leg.br/api/v2/deputados/133373","Marco Maia",NA,NA,NA,53,"https://www.camara.leg.br/internet/deputado/bandep/133373.jpg",NA,"1º Vice-Presidente",2,"2009-02-02","2010-12-16"
"59",74580,"https://dadosabertos.camara.leg.br/api/v2/deputados/74580","Edmar Moreira",NA,NA,NA,53,"https://www.camara.leg.br/internet/deputado/bandep/74580.jpg",NA,"2º Vice-Presidente",3,"2009-02-02","2009-10-02"
"60",74590,"https://dadosabertos.camara.leg.br/api/v2/deputados/74590","Rafael Guerra",NA,NA,NA,53,"https://www.camara.leg.br/internet/deputado/bandep/74590.jpg",NA,"1º Secretário",5,"2009-02-02","2011-01-31"
"61",74421,"https://dadosabertos.camara.leg.br/api/v2/deputados/74421","Inocêncio Oliveira",NA,NA,NA,53,"https://www.camara.leg.br/internet/deputado/bandep/74421.jpg",NA,"2º Secretário",6,"2009-02-02","2011-01-31"
"62",74159,"https://dadosabertos.camara.leg.br/api/v2/deputados/74159","Odair Cunha","PT","https://dadosabertos.camara.leg.br/api/v2/partidos/134","MG",53,"https://www.camara.leg.br/internet/deputado/bandep/74159.jpg","dep.odaircunha@camara.leg.br","3º Secretário",7,"2009-02-02","2011-01-31"
"63",73553,"https://dadosabertos.camara.leg.br/api/v2/deputados/73553","Nelson Marquezelli",NA,NA,NA,53,"https://www.camara.leg.br/internet/deputado/bandep/73553.jpg",NA,"4º Secretário",8,"2009-02-02","2011-01-31"
"64",74278,"https://dadosabertos.camara.leg.br/api/v2/deputados/74278","Marcelo Ortiz",NA,NA,NA,53,"https://www.camara.leg.br/internet/deputado/bandep/74278.jpg",NA,"1º Suplente de Secretário",9,"2009-02-02","2011-01-31"
"65",74077,"https://dadosabertos.camara.leg.br/api/v2/deputados/74077","Giovanni Queiroz",NA,NA,NA,53,"https://www.camara.leg.br/internet/deputado/bandep/74077.jpg",NA,"2º Suplente de Secretário",10,"2009-02-02","2011-01-31"
"66",141481,"https://dadosabertos.camara.leg.br/api/v2/deputados/141481","Leandro Sampaio",NA,NA,NA,53,"https://www.camara.leg.br/internet/deputado/bandep/141481.jpg",NA,"3º Suplente de Secretário",11,"2009-02-02","2011-01-31"
"67",141490,"https://dadosabertos.camara.leg.br/api/v2/deputados/141490","Manoel Junior",NA,NA,NA,53,"https://www.camara.leg.br/internet/deputado/bandep/141490.jpg",NA,"4º Suplente de Secretário",12,"2009-02-02","2011-01-31"
"68",74058,"https://dadosabertos.camara.leg.br/api/v2/deputados/74058","Antonio Carlos Magalhães Neto",NA,NA,NA,53,"https://www.camara.leg.br/internet/deputado/bandep/74058.jpg",NA,"2º Vice-Presidente",3,"2009-11-02","2011-01-31"
"69",133373,"https://dadosabertos.camara.leg.br/api/v2/deputados/133373","Marco Maia",NA,NA,NA,54,"https://www.camara.leg.br/internet/deputado/bandep/133373.jpg",NA,"Presidente",1,"2011-02-01","2013-02-04"
"70",73507,"https://dadosabertos.camara.leg.br/api/v2/deputados/73507","Rose de Freitas",NA,NA,NA,54,"https://www.camara.leg.br/internet/deputado/bandep/73507.jpg",NA,"1º Vice-Presidente",2,"2011-02-01","2013-02-04"
"71",141421,"https://dadosabertos.camara.leg.br/api/v2/deputados/141421","Eduardo da Fonte","PP","https://dadosabertos.camara.leg.br/api/v2/partidos/115","PE",54,"https://www.camara.leg.br/internet/deputado/bandep/141421.jpg","dep.eduardodafonte@camara.leg.br","2º Vice-Presidente",3,"2011-02-01","2013-02-04"
"72",73945,"https://dadosabertos.camara.leg.br/api/v2/deputados/73945","Eduardo Gomes",NA,NA,NA,54,"https://www.camara.leg.br/internet/deputado/bandep/73945.jpg",NA,"1º Secretário",5,"2011-02-01","2013-02-04"
"73",73535,"https://dadosabertos.camara.leg.br/api/v2/deputados/73535","Jorge Tadeu Mudalen",NA,NA,NA,54,"https://www.camara.leg.br/internet/deputado/bandep/73535.jpg",NA,"2º Secretário",6,"2011-02-01","2013-02-04"
"74",74421,"https://dadosabertos.camara.leg.br/api/v2/deputados/74421","Inocêncio Oliveira",NA,NA,NA,54,"https://www.camara.leg.br/internet/deputado/bandep/74421.jpg",NA,"3º Secretário",7,"2011-02-01","2013-02-04"
"75",73586,"https://dadosabertos.camara.leg.br/api/v2/deputados/73586","Júlio Delgado","PV","https://dadosabertos.camara.leg.br/api/v2/partidos/140","MG",54,"https://www.camara.leg.br/internet/deputado/bandep/73586.jpg","dep.juliodelgado@camara.leg.br","4º Secretário",8,"2011-02-01","2013-02-04"
"76",74374,"https://dadosabertos.camara.leg.br/api/v2/deputados/74374","Geraldo Resende",NA,NA,NA,54,"https://www.camara.leg.br/internet/deputado/bandep/74374.jpg",NA,"1º Suplente de Secretário",9,"2011-02-01","2013-02-04"
"77",74163,"https://dadosabertos.camara.leg.br/api/v2/deputados/74163","Carlos Manato",NA,NA,NA,54,"https://www.camara.leg.br/internet/deputado/bandep/74163.jpg",NA,"2º Suplente de Secretário",10,"2011-02-01","2013-02-04"
"78",74474,"https://dadosabertos.camara.leg.br/api/v2/deputados/74474","Carlos Eduardo Cadoca",NA,NA,NA,54,"https://www.camara.leg.br/internet/deputado/bandep/74474.jpg",NA,"3º Suplente de Secretário",11,"2011-02-01","2013-02-04"
"79",141542,"https://dadosabertos.camara.leg.br/api/v2/deputados/141542","Sérgio Moraes",NA,NA,NA,54,"https://www.camara.leg.br/internet/deputado/bandep/141542.jpg",NA,"4º Suplente de Secretário",12,"2011-02-01","2013-02-04"
"80",74324,"https://dadosabertos.camara.leg.br/api/v2/deputados/74324","Henrique Eduardo Alves",NA,NA,NA,54,"https://www.camara.leg.br/internet/deputado/bandep/74324.jpg",NA,"Presidente",1,"2013-02-04","2015-01-31"
"81",141378,"https://dadosabertos.camara.leg.br/api/v2/deputados/141378","Andre Vargas",NA,NA,NA,54,"https://www.camara.leg.br/internet/deputado/bandep/141378.jpg",NA,"1º Vice-Presidente",2,"2013-02-04","2014-04-16"
"82",141428,"https://dadosabertos.camara.leg.br/api/v2/deputados/141428","Fábio Faria",NA,NA,NA,54,"https://www.camara.leg.br/internet/deputado/bandep/141428.jpg",NA,"2º Vice-Presidente",3,"2013-02-04","2015-01-31"
"83",74363,"https://dadosabertos.camara.leg.br/api/v2/deputados/74363","Marcio Bittar",NA,NA,NA,54,"https://www.camara.leg.br/internet/deputado/bandep/74363.jpg",NA,"1º Secretário",5,"2013-02-04","2015-01-31"
"84",73424,"https://dadosabertos.camara.leg.br/api/v2/deputados/73424","Simão Sessim",NA,NA,NA,54,"https://www.camara.leg.br/internet/deputado/bandep/73424.jpg",NA,"2º Secretário",6,"2013-02-04","2015-01-31"
"85",74050,"https://dadosabertos.camara.leg.br/api/v2/deputados/74050","Maurício Quintella Lessa",NA,NA,NA,54,"https://www.camara.leg.br/internet/deputado/bandep/74050.jpg",NA,"3º Secretário",7,"2013-02-04","2015-01-31"
"86",74373,"https://dadosabertos.camara.leg.br/api/v2/deputados/74373","Biffi",NA,NA,NA,54,"https://www.camara.leg.br/internet/deputado/bandep/74373.jpg",NA,"4º Secretário",8,"2013-02-04","2015-01-31"
"87",74419,"https://dadosabertos.camara.leg.br/api/v2/deputados/74419","Gonzaga Patriota","PSB","https://dadosabertos.camara.leg.br/api/v2/partidos/125","PE",54,"https://www.camara.leg.br/internet/deputado/bandep/74419.jpg","dep.gonzagapatriota@camara.leg.br","1º Suplente de Secretário",9,"2013-02-04","2015-01-31"
"88",74439,"https://dadosabertos.camara.leg.br/api/v2/deputados/74439","Wolney Queiroz","PDT","https://dadosabertos.camara.leg.br/api/v2/partidos/104","PE",54,"https://www.camara.leg.br/internet/deputado/bandep/74439.jpg","dep.wolneyqueiroz@camara.leg.br","2º Suplente de Secretário",10,"2013-02-04","2015-01-31"
"89",141557,"https://dadosabertos.camara.leg.br/api/v2/deputados/141557","Vitor Penido",NA,NA,NA,54,"https://www.camara.leg.br/internet/deputado/bandep/141557.jpg",NA,"3º Suplente de Secretário",11,"2013-02-04","2015-01-31"
"90",74385,"https://dadosabertos.camara.leg.br/api/v2/deputados/74385","Takayama",NA,NA,NA,54,"https://www.camara.leg.br/internet/deputado/bandep/74385.jpg",NA,"4º Suplente de Secretário",12,"2013-02-04","2015-01-31"
"91",73433,"https://dadosabertos.camara.leg.br/api/v2/deputados/73433","Arlindo Chinaglia","PT","https://dadosabertos.camara.leg.br/api/v2/partidos/134","SP",54,"https://www.camara.leg.br/internet/deputado/bandep/73433.jpg","dep.arlindochinaglia@camara.leg.br","1º Vice-Presidente",2,"2014-05-07","2015-01-31"
"92",74173,"https://dadosabertos.camara.leg.br/api/v2/deputados/74173","Eduardo Cunha",NA,NA,NA,55,"https://www.camara.leg.br/internet/deputado/bandep/74173.jpg",NA,"Presidente",1,"2015-02-01","2016-07-07"
"93",141558,"https://dadosabertos.camara.leg.br/api/v2/deputados/141558","Waldir Maranhão",NA,NA,NA,55,"https://www.camara.leg.br/internet/deputado/bandep/141558.jpg",NA,"1º Vice-Presidente",2,"2015-02-01","2017-02-02"
"94",74383,"https://dadosabertos.camara.leg.br/api/v2/deputados/74383","Giacobo","PL","https://dadosabertos.camara.leg.br/api/v2/partidos/110","PR",55,"https://www.camara.leg.br/internet/deputado/bandep/74383.jpg","dep.giacobo@camara.leg.br","2º Vice-Presidente",3,"2015-02-01","2017-02-02"
"95",73437,"https://dadosabertos.camara.leg.br/api/v2/deputados/73437","Beto Mansur",NA,NA,NA,55,"https://www.camara.leg.br/internet/deputado/bandep/73437.jpg",NA,"1º Secretário",5,"2015-02-01","2017-02-02"
"96",141430,"https://dadosabertos.camara.leg.br/api/v2/deputados/141430","Felipe Bornier",NA,NA,NA,55,"https://www.camara.leg.br/internet/deputado/bandep/141430.jpg",NA,"2º Secretário",6,"2015-02-01","2017-02-02"
"97",160565,"https://dadosabertos.camara.leg.br/api/v2/deputados/160565","Mara Gabrilli",NA,NA,NA,55,"https://www.camara.leg.br/internet/deputado/bandep/160565.jpg",NA,"3º Secretário",7,"2015-02-01","2017-02-02"
"98",73458,"https://dadosabertos.camara.leg.br/api/v2/deputados/73458","Alex Canziani",NA,NA,NA,55,"https://www.camara.leg.br/internet/deputado/bandep/73458.jpg",NA,"4º Secretário",8,"2015-02-01","2017-02-02"
"99",160633,"https://dadosabertos.camara.leg.br/api/v2/deputados/160633","Mandetta",NA,NA,NA,55,"https://www.camara.leg.br/internet/deputado/bandep/160633.jpg",NA,"1º Suplente de Secretário",9,"2015-02-01","2017-02-02"
"100",74270,"https://dadosabertos.camara.leg.br/api/v2/deputados/74270","Gilberto Nascimento","PSC","https://dadosabertos.camara.leg.br/api/v2/partidos/126","SP",55,"https://www.camara.leg.br/internet/deputado/bandep/74270.jpg","dep.gilbertonascimento@camara.leg.br","2º Suplente de Secretário",10,"2015-02-01","2017-02-02"
"101",74784,"https://dadosabertos.camara.leg.br/api/v2/deputados/74784","Luiza Erundina","PSOL","https://dadosabertos.camara.leg.br/api/v2/partidos/197","SP",55,"https://www.camara.leg.br/internet/deputado/bandep/74784.jpg","dep.luizaerundina@camara.leg.br","3º Suplente de Secretário",11,"2015-02-01","2017-02-02"
"102",160655,"https://dadosabertos.camara.leg.br/api/v2/deputados/160655","Ricardo Izar","REPUBLIC","https://dadosabertos.camara.leg.br/api/v2/partidos/34264","SP",55,"https://www.camara.leg.br/internet/deputado/bandep/160655.jpg","dep.ricardoizar@camara.leg.br","4º Suplente de Secretário",12,"2015-02-01","2017-02-02"
"103",74693,"https://dadosabertos.camara.leg.br/api/v2/deputados/74693","Rodrigo Maia",NA,NA,NA,55,"https://www.camara.leg.br/internet/deputado/bandep/74693.jpg",NA,"Presidente",1,"2016-07-14","2017-02-02"
"104",74693,"https://dadosabertos.camara.leg.br/api/v2/deputados/74693","Rodrigo Maia",NA,NA,NA,55,"https://www.camara.leg.br/internet/deputado/bandep/74693.jpg",NA,"Presidente",1,"2017-02-02","2019-01-31"
"105",141427,"https://dadosabertos.camara.leg.br/api/v2/deputados/141427","Fábio Ramalho","MDB","https://dadosabertos.camara.leg.br/api/v2/partidos/145","MG",55,"https://www.camara.leg.br/internet/deputado/bandep/141427.jpg","dep.fabioramalho@camara.leg.br","1º Vice-Presidente",2,"2017-02-02","2019-01-31"
"106",178882,"https://dadosabertos.camara.leg.br/api/v2/deputados/178882","André Fufuca","PP","https://dadosabertos.camara.leg.br/api/v2/partidos/115","MA",55,"https://www.camara.leg.br/internet/deputado/bandep/178882.jpg","dep.andrefufuca@camara.leg.br","2º Vice-Presidente",3,"2017-02-02","2019-01-31"
"107",74383,"https://dadosabertos.camara.leg.br/api/v2/deputados/74383","Giacobo","PL","https://dadosabertos.camara.leg.br/api/v2/partidos/110","PR",55,"https://www.camara.leg.br/internet/deputado/bandep/74383.jpg","dep.giacobo@camara.leg.br","1º Secretário",5,"2017-02-02","2019-01-31"
"108",178956,"https://dadosabertos.camara.leg.br/api/v2/deputados/178956","Mariana Carvalho",NA,NA,NA,55,"https://www.camara.leg.br/internet/deputado/bandep/178956.jpg",NA,"2º Secretário",6,"2017-02-02","2019-01-31"
"109",178842,"https://dadosabertos.camara.leg.br/api/v2/deputados/178842","JHC",NA,NA,NA,55,"https://www.camara.leg.br/internet/deputado/bandep/178842.jpg",NA,"3º Secretário",7,"2017-02-02","2019-01-31"
"110",141536,"https://dadosabertos.camara.leg.br/api/v2/deputados/141536","Rômulo Gouveia",NA,NA,NA,55,"https://www.camara.leg.br/internet/deputado/bandep/141536.jpg",NA,"4º Secretário",8,"2017-02-02","2018-05-13"
"111",141411,"https://dadosabertos.camara.leg.br/api/v2/deputados/141411","Dagoberto Nogueira","PSDB","https://dadosabertos.camara.leg.br/api/v2/partidos/128","MS",55,"https://www.camara.leg.br/internet/deputado/bandep/141411.jpg","dep.dagobertonogueira@camara.leg.br","1º Suplente de Secretário",9,"2017-02-02","2019-01-31"
"112",160576,"https://dadosabertos.camara.leg.br/api/v2/deputados/160576","César Halum",NA,NA,NA,55,"https://www.camara.leg.br/internet/deputado/bandep/160576.jpg",NA,"2º Suplente de Secretário",10,"2017-02-02","2019-01-31"
"113",160604,"https://dadosabertos.camara.leg.br/api/v2/deputados/160604","Pedro Uczai","PT","https://dadosabertos.camara.leg.br/api/v2/partidos/134","SC",55,"https://www.camara.leg.br/internet/deputado/bandep/160604.jpg","dep.pedrouczai@camara.leg.br","3º Suplente de Secretário",11,"2017-02-02","2019-01-31"
"114",74163,"https://dadosabertos.camara.leg.br/api/v2/deputados/74163","Carlos Manato",NA,NA,NA,55,"https://www.camara.leg.br/internet/deputado/bandep/74163.jpg",NA,"4º Suplente de Secretário",12,"2017-02-02","2019-01-31"
"115",74471,"https://dadosabertos.camara.leg.br/api/v2/deputados/74471","André de Paula","PSD","https://dadosabertos.camara.leg.br/api/v2/partidos/127","PE",55,"https://www.camara.leg.br/internet/deputado/bandep/74471.jpg","dep.andredepaula@camara.leg.br","4º Secretário",8,"2018-05-22","2019-01-31"
"116",204506,"https://dadosabertos.camara.leg.br/api/v2/deputados/204506","Marcos Pereira","REPUBLIC","https://dadosabertos.camara.leg.br/api/v2/partidos/34264","SP",56,"https://www.camara.leg.br/internet/deputado/bandep/204506.jpg","dep.marcospereira@camara.leg.br","Titular",101,"2019-02-01","2021-02-01"
"117",74478,"https://dadosabertos.camara.leg.br/api/v2/deputados/74478","Luciano Bivar","UNIÃO","https://dadosabertos.camara.leg.br/api/v2/partidos/76868","PE",56,"https://www.camara.leg.br/internet/deputado/bandep/74478.jpg","dep.lucianobivar@camara.leg.br","Titular",101,"2019-02-01","2021-02-01"
"118",178946,"https://dadosabertos.camara.leg.br/api/v2/deputados/178946","Soraya Santos","PL","https://dadosabertos.camara.leg.br/api/v2/partidos/110","RJ",56,"https://www.camara.leg.br/internet/deputado/bandep/178946.jpg","dep.sorayasantos@camara.leg.br","Titular",101,"2019-02-01","2021-02-01"
"119",159237,"https://dadosabertos.camara.leg.br/api/v2/deputados/159237","Assis Carvalho",NA,NA,NA,56,"https://www.camara.leg.br/internet/deputado/bandep/159237.jpg",NA,"Suplente",102,"2019-02-01","2020-07-05"
"120",178951,"https://dadosabertos.camara.leg.br/api/v2/deputados/178951","Rafael Motta","PSB","https://dadosabertos.camara.leg.br/api/v2/partidos/125","RN",56,"https://www.camara.leg.br/internet/deputado/bandep/178951.jpg","dep.rafaelmotta@camara.leg.br","Suplente",102,"2019-02-01","2021-02-01"
"121",178966,"https://dadosabertos.camara.leg.br/api/v2/deputados/178966","Geovania de Sá","PSDB","https://dadosabertos.camara.leg.br/api/v2/partidos/128","SC",56,"https://www.camara.leg.br/internet/deputado/bandep/178966.jpg","dep.geovaniadesa@camara.leg.br","Suplente",102,"2019-02-01","2021-02-01"
"122",204436,"https://dadosabertos.camara.leg.br/api/v2/deputados/204436","Isnaldo Bulhões Jr.","MDB","https://dadosabertos.camara.leg.br/api/v2/partidos/145","AL",56,"https://www.camara.leg.br/internet/deputado/bandep/204436.jpg","dep.isnaldobulhoesjr@camara.leg.br","Suplente",102,"2019-02-01","2021-02-01"
"123",178953,"https://dadosabertos.camara.leg.br/api/v2/deputados/178953","Expedito Netto","PSD","https://dadosabertos.camara.leg.br/api/v2/partidos/127","RO",56,"https://www.camara.leg.br/internet/deputado/bandep/178953.jpg","dep.expeditonetto@camara.leg.br","Titular",101,"2020-07-08","2021-02-01"
"124",171617,"https://dadosabertos.camara.leg.br/api/v2/deputados/171617","Paulão","PT","https://dadosabertos.camara.leg.br/api/v2/partidos/134","AL",56,"https://www.camara.leg.br/internet/deputado/bandep/171617.jpg","dep.paulao@camara.leg.br","Titular",101,"2020-07-08","2021-02-01"
"125",160541,"https://dadosabertos.camara.leg.br/api/v2/deputados/160541","Arthur Lira","PP","https://dadosabertos.camara.leg.br/api/v2/partidos/115","AL",56,"https://www.camara.leg.br/internet/deputado/bandep/160541.jpg","dep.arthurlira@camara.leg.br","Presidente",1,"2021-02-01",NA
"126",160541,"https://dadosabertos.camara.leg.br/api/v2/deputados/160541","Arthur Lira","PP","https://dadosabertos.camara.leg.br/api/v2/partidos/115","AL",56,"https://www.camara.leg.br/internet/deputado/bandep/160541.jpg","dep.arthurlira@camara.leg.br","Titular",101,"2021-02-01",NA
"127",74471,"https://dadosabertos.camara.leg.br/api/v2/deputados/74471","André de Paula","PSD","https://dadosabertos.camara.leg.br/api/v2/partidos/127","PE",56,"https://www.camara.leg.br/internet/deputado/bandep/74471.jpg","dep.andredepaula@camara.leg.br","2º Vice-Presidente",3,"2021-02-03",NA
"128",74478,"https://dadosabertos.camara.leg.br/api/v2/deputados/74478","Luciano Bivar","UNIÃO","https://dadosabertos.camara.leg.br/api/v2/partidos/76868","PE",56,"https://www.camara.leg.br/internet/deputado/bandep/74478.jpg","dep.lucianobivar@camara.leg.br","1º Secretário",5,"2021-02-03",NA
"129",178945,"https://dadosabertos.camara.leg.br/api/v2/deputados/178945","Rosangela Gomes","REPUBLIC","https://dadosabertos.camara.leg.br/api/v2/partidos/34264","RJ",56,"https://www.camara.leg.br/internet/deputado/bandep/178945.jpg","dep.rosangelagomes@camara.leg.br","4º Secretário",8,"2021-02-03",NA
"130",204541,"https://dadosabertos.camara.leg.br/api/v2/deputados/204541","Eduardo Bismarck","PDT","https://dadosabertos.camara.leg.br/api/v2/partidos/104","CE",56,"https://www.camara.leg.br/internet/deputado/bandep/204541.jpg","dep.eduardobismarck@camara.leg.br","1º Suplente de Secretário",9,"2021-02-03",NA
"131",74270,"https://dadosabertos.camara.leg.br/api/v2/deputados/74270","Gilberto Nascimento","PSC","https://dadosabertos.camara.leg.br/api/v2/partidos/126","SP",56,"https://www.camara.leg.br/internet/deputado/bandep/74270.jpg","dep.gilbertonascimento@camara.leg.br","2º Suplente de Secretário",10,"2021-02-03",NA
"132",160545,"https://dadosabertos.camara.leg.br/api/v2/deputados/160545","Alexandre Leite","UNIÃO","https://dadosabertos.camara.leg.br/api/v2/partidos/76868","SP",56,"https://www.camara.leg.br/internet/deputado/bandep/160545.jpg","dep.alexandreleite@camara.leg.br","3º Suplente de Secretário",11,"2021-02-03",NA
"133",204499,"https://dadosabertos.camara.leg.br/api/v2/deputados/204499","Cássio Andrade","PSB","https://dadosabertos.camara.leg.br/api/v2/partidos/125","PA",56,"https://www.camara.leg.br/internet/deputado/bandep/204499.jpg","dep.cassioandrade@camara.leg.br","4º Suplente de Secretário",12,"2021-02-03",NA
"134",74471,"https://dadosabertos.camara.leg.br/api/v2/deputados/74471","André de Paula","PSD","https://dadosabertos.camara.leg.br/api/v2/partidos/127","PE",56,"https://www.camara.leg.br/internet/deputado/bandep/74471.jpg","dep.andredepaula@camara.leg.br","Titular",101,"2021-02-03",NA
"135",74478,"https://dadosabertos.camara.leg.br/api/v2/deputados/74478","Luciano Bivar","UNIÃO","https://dadosabertos.camara.leg.br/api/v2/partidos/76868","PE",56,"https://www.camara.leg.br/internet/deputado/bandep/74478.jpg","dep.lucianobivar@camara.leg.br","Titular",101,"2021-02-03",NA
"136",178945,"https://dadosabertos.camara.leg.br/api/v2/deputados/178945","Rosangela Gomes","REPUBLIC","https://dadosabertos.camara.leg.br/api/v2/partidos/34264","RJ",56,"https://www.camara.leg.br/internet/deputado/bandep/178945.jpg","dep.rosangelagomes@camara.leg.br","Titular",101,"2021-02-03",NA
"137",204556,"https://dadosabertos.camara.leg.br/api/v2/deputados/204556","Marcelo Ramos","PSD","https://dadosabertos.camara.leg.br/api/v2/partidos/127","AM",56,"https://www.camara.leg.br/internet/deputado/bandep/204556.jpg","dep.marceloramos@camara.leg.br","Titular",101,"2021-02-03","2022-05-23"
"138",204428,"https://dadosabertos.camara.leg.br/api/v2/deputados/204428","Marília Arraes","SOLIDARI","https://dadosabertos.camara.leg.br/api/v2/partidos/33736","PE",56,"https://www.camara.leg.br/internet/deputado/bandep/204428.jpg","dep.mariliaarraes@camara.leg.br","Titular",101,"2021-02-03","2022-05-23"
"139",204357,"https://dadosabertos.camara.leg.br/api/v2/deputados/204357","Rose Modesto","UNIÃO","https://dadosabertos.camara.leg.br/api/v2/partidos/76868","MS",56,"https://www.camara.leg.br/internet/deputado/bandep/204357.jpg","dep.rosemodesto@camara.leg.br","Titular",101,"2021-02-03","2022-05-23"
"140",204541,"https://dadosabertos.camara.leg.br/api/v2/deputados/204541","Eduardo Bismarck","PDT","https://dadosabertos.camara.leg.br/api/v2/partidos/104","CE",56,"https://www.camara.leg.br/internet/deputado/bandep/204541.jpg","dep.eduardobismarck@camara.leg.br","Suplente",102,"2021-02-03",NA
"141",74270,"https://dadosabertos.camara.leg.br/api/v2/deputados/74270","Gilberto Nascimento","PSC","https://dadosabertos.camara.leg.br/api/v2/partidos/126","SP",56,"https://www.camara.leg.br/internet/deputado/bandep/74270.jpg","dep.gilbertonascimento@camara.leg.br","Suplente",102,"2021-02-03",NA
"142",160545,"https://dadosabertos.camara.leg.br/api/v2/deputados/160545","Alexandre Leite","UNIÃO","https://dadosabertos.camara.leg.br/api/v2/partidos/76868","SP",56,"https://www.camara.leg.br/internet/deputado/bandep/160545.jpg","dep.alexandreleite@camara.leg.br","Suplente",102,"2021-02-03",NA
"143",204499,"https://dadosabertos.camara.leg.br/api/v2/deputados/204499","Cássio Andrade","PSB","https://dadosabertos.camara.leg.br/api/v2/partidos/125","PA",56,"https://www.camara.leg.br/internet/deputado/bandep/204499.jpg","dep.cassioandrade@camara.leg.br","Suplente",102,"2021-02-03",NA
"144",74585,"https://dadosabertos.camara.leg.br/api/v2/deputados/74585","Lincoln Portela","PL","https://dadosabertos.camara.leg.br/api/v2/partidos/110","MG",56,"https://www.camara.leg.br/internet/deputado/bandep/74585.jpg","dep.lincolnportela@camara.leg.br","1º Vice-Presidente",2,"2022-05-25",NA
"145",74159,"https://dadosabertos.camara.leg.br/api/v2/deputados/74159","Odair Cunha","PT","https://dadosabertos.camara.leg.br/api/v2/partidos/134","MG",56,"https://www.camara.leg.br/internet/deputado/bandep/74159.jpg","dep.odaircunha@camara.leg.br","2º Secretário",6,"2022-05-25",NA
"146",178966,"https://dadosabertos.camara.leg.br/api/v2/deputados/178966","Geovania de Sá","PSDB","https://dadosabertos.camara.leg.br/api/v2/partidos/128","SC",56,"https://www.camara.leg.br/internet/deputado/bandep/178966.jpg","dep.geovaniadesa@camara.leg.br","3º Secretário",7,"2022-05-25",NA
"147",74585,"https://dadosabertos.camara.leg.br/api/v2/deputados/74585","Lincoln Portela","PL","https://dadosabertos.camara.leg.br/api/v2/partidos/110","MG",56,"https://www.camara.leg.br/internet/deputado/bandep/74585.jpg","dep.lincolnportela@camara.leg.br","Titular",101,"2022-05-25",NA
"148",74159,"https://dadosabertos.camara.leg.br/api/v2/deputados/74159","Odair Cunha","PT","https://dadosabertos.camara.leg.br/api/v2/partidos/134","MG",56,"https://www.camara.leg.br/internet/deputado/bandep/74159.jpg","dep.odaircunha@camara.leg.br","Titular",101,"2022-05-25",NA
"149",178966,"https://dadosabertos.camara.leg.br/api/v2/deputados/178966","Geovania de Sá","PSDB","https://dadosabertos.camara.leg.br/api/v2/partidos/128","SC",56,"https://www.camara.leg.br/internet/deputado/bandep/178966.jpg","dep.geovaniadesa@camara.leg.br","Titular",101,"2022-05-25",NA
